{
  "dataset_revision": null,
  "mteb_dataset_name": "NarrativeQARetrieval",
  "mteb_version": "1.1.1",
  "test": {
    "evaluation_time": 1786.29,
    "map_at_1": 0.62783,
    "map_at_10": 0.70032,
    "map_at_100": 0.70468,
    "map_at_1000": 0.7049,
    "map_at_3": 0.68555,
    "map_at_5": 0.69494,
    "mrr_at_1": 0.62783,
    "mrr_at_10": 0.70032,
    "mrr_at_100": 0.70468,
    "mrr_at_1000": 0.7049,
    "mrr_at_3": 0.68555,
    "mrr_at_5": 0.69494,
    "ndcg_at_1": 0.62783,
    "ndcg_at_10": 0.73335,
    "ndcg_at_100": 0.75613,
    "ndcg_at_1000": 0.76056,
    "ndcg_at_3": 0.70342,
    "ndcg_at_5": 0.72029,
    "precision_at_1": 0.62783,
    "precision_at_10": 0.08361,
    "precision_at_100": 0.00946,
    "precision_at_1000": 0.00098,
    "precision_at_3": 0.25162,
    "precision_at_5": 0.15914,
    "recall_at_1": 0.62783,
    "recall_at_10": 0.83613,
    "recall_at_100": 0.94629,
    "recall_at_1000": 0.97831,
    "recall_at_3": 0.75485,
    "recall_at_5": 0.79568
  }
}