{
  "dataset_revision": null,
  "mteb_dataset_name": "NarrativeQARetrieval",
  "mteb_version": "1.1.1",
  "test": {
    "evaluation_time": 962.33,
    "map_at_1": 0.55262,
    "map_at_10": 0.62535,
    "map_at_100": 0.63109,
    "map_at_1000": 0.63136,
    "map_at_3": 0.60884,
    "map_at_5": 0.61845,
    "mrr_at_1": 0.55262,
    "mrr_at_10": 0.62535,
    "mrr_at_100": 0.63109,
    "mrr_at_1000": 0.63136,
    "mrr_at_3": 0.60884,
    "mrr_at_5": 0.61845,
    "ndcg_at_1": 0.55262,
    "ndcg_at_10": 0.66029,
    "ndcg_at_100": 0.69164,
    "ndcg_at_1000": 0.69679,
    "ndcg_at_3": 0.62647,
    "ndcg_at_5": 0.64377,
    "precision_at_1": 0.55262,
    "precision_at_10": 0.07699,
    "precision_at_100": 0.00925,
    "precision_at_1000": 0.00096,
    "precision_at_3": 0.22576,
    "precision_at_5": 0.14385,
    "recall_at_1": 0.55262,
    "recall_at_10": 0.76992,
    "recall_at_100": 0.9246,
    "recall_at_1000": 0.96126,
    "recall_at_3": 0.67728,
    "recall_at_5": 0.71924
  }
}