{
  "dataset_revision": null,
  "mteb_dataset_name": "NarrativeQARetrieval",
  "mteb_version": "1.1.1",
  "test": {
    "evaluation_time": 408.03,
    "map_at_1": 0.53595,
    "map_at_10": 0.61055,
    "map_at_100": 0.6169,
    "map_at_1000": 0.61717,
    "map_at_3": 0.59247,
    "map_at_5": 0.60311,
    "mrr_at_1": 0.53595,
    "mrr_at_10": 0.61055,
    "mrr_at_100": 0.6169,
    "mrr_at_1000": 0.61717,
    "mrr_at_3": 0.59247,
    "mrr_at_5": 0.60311,
    "ndcg_at_1": 0.53595,
    "ndcg_at_10": 0.6479,
    "ndcg_at_100": 0.68071,
    "ndcg_at_1000": 0.68604,
    "ndcg_at_3": 0.61073,
    "ndcg_at_5": 0.62992,
    "precision_at_1": 0.53595,
    "precision_at_10": 0.07657,
    "precision_at_100": 0.00923,
    "precision_at_1000": 0.00096,
    "precision_at_3": 0.22118,
    "precision_at_5": 0.14203,
    "recall_at_1": 0.53595,
    "recall_at_10": 0.76565,
    "recall_at_100": 0.92337,
    "recall_at_1000": 0.96154,
    "recall_at_3": 0.66354,
    "recall_at_5": 0.71014
  }
}