{
  "dataset_revision": null,
  "mteb_dataset_name": "NarrativeQARetrieval",
  "mteb_version": "1.1.1",
  "test": {
    "evaluation_time": 1139.7,
    "map_at_1": 0.41584,
    "map_at_10": 0.48685,
    "map_at_100": 0.4949,
    "map_at_1000": 0.49566,
    "map_at_3": 0.46945,
    "map_at_5": 0.47947,
    "mrr_at_1": 0.41584,
    "mrr_at_10": 0.48685,
    "mrr_at_100": 0.4949,
    "mrr_at_1000": 0.49566,
    "mrr_at_3": 0.46945,
    "mrr_at_5": 0.47947,
    "ndcg_at_1": 0.41584,
    "ndcg_at_10": 0.52251,
    "ndcg_at_100": 0.56653,
    "ndcg_at_1000": 0.58373,
    "ndcg_at_3": 0.4866,
    "ndcg_at_5": 0.50469,
    "precision_at_1": 0.41584,
    "precision_at_10": 0.06351,
    "precision_at_100": 0.00853,
    "precision_at_1000": 0.00098,
    "precision_at_3": 0.17871,
    "precision_at_5": 0.11602,
    "recall_at_1": 0.41584,
    "recall_at_10": 0.63512,
    "recall_at_100": 0.85251,
    "recall_at_1000": 0.98058,
    "recall_at_3": 0.53614,
    "recall_at_5": 0.58009
  }
}