{
  "dataset_revision": null,
  "mteb_dataset_name": "NarrativeQARetrieval",
  "mteb_version": "1.1.1",
  "test": {
    "evaluation_time": 150.62,
    "map_at_1": 0.4452,
    "map_at_10": 0.52228,
    "map_at_100": 0.53003,
    "map_at_1000": 0.53051,
    "map_at_3": 0.50131,
    "map_at_5": 0.51352,
    "mrr_at_1": 0.4452,
    "mrr_at_10": 0.52228,
    "mrr_at_100": 0.53003,
    "mrr_at_1000": 0.53051,
    "mrr_at_3": 0.50131,
    "mrr_at_5": 0.51352,
    "ndcg_at_1": 0.4452,
    "ndcg_at_10": 0.56246,
    "ndcg_at_100": 0.6037,
    "ndcg_at_1000": 0.61348,
    "ndcg_at_3": 0.51937,
    "ndcg_at_5": 0.54139,
    "precision_at_1": 0.4452,
    "precision_at_10": 0.06899,
    "precision_at_100": 0.00891,
    "precision_at_1000": 0.00096,
    "precision_at_3": 0.19052,
    "precision_at_5": 0.12502,
    "recall_at_1": 0.4452,
    "recall_at_10": 0.68987,
    "recall_at_100": 0.89107,
    "recall_at_1000": 0.96221,
    "recall_at_3": 0.57156,
    "recall_at_5": 0.62508
  }
}