{
  "dataset_revision": null,
  "mteb_dataset_name": "NarrativeQARetrieval",
  "mteb_version": "1.1.1",
  "test": {
    "evaluation_time": 716.47,
    "map_at_1": 0.59259,
    "map_at_10": 0.66528,
    "map_at_100": 0.67061,
    "map_at_1000": 0.67081,
    "map_at_3": 0.64973,
    "map_at_5": 0.65901,
    "mrr_at_1": 0.59259,
    "mrr_at_10": 0.66529,
    "mrr_at_100": 0.67061,
    "mrr_at_1000": 0.67082,
    "mrr_at_3": 0.64973,
    "mrr_at_5": 0.65901,
    "ndcg_at_1": 0.59259,
    "ndcg_at_10": 0.69973,
    "ndcg_at_100": 0.72758,
    "ndcg_at_1000": 0.73161,
    "ndcg_at_3": 0.66786,
    "ndcg_at_5": 0.68455,
    "precision_at_1": 0.59259,
    "precision_at_10": 0.08075,
    "precision_at_100": 0.00942,
    "precision_at_1000": 0.00097,
    "precision_at_3": 0.24006,
    "precision_at_5": 0.15213,
    "recall_at_1": 0.59259,
    "recall_at_10": 0.80752,
    "recall_at_100": 0.94222,
    "recall_at_1000": 0.97111,
    "recall_at_3": 0.72019,
    "recall_at_5": 0.76063
  }
}