{
  "dataset_revision": null,
  "mteb_dataset_name": "NarrativeQARetrieval",
  "mteb_version": "1.1.1",
  "test": {
    "evaluation_time": 1268.91,
    "map_at_1": 0.55451,
    "map_at_10": 0.63054,
    "map_at_100": 0.63635,
    "map_at_1000": 0.63661,
    "map_at_3": 0.61351,
    "map_at_5": 0.62323,
    "mrr_at_1": 0.55451,
    "mrr_at_10": 0.63054,
    "mrr_at_100": 0.63635,
    "mrr_at_1000": 0.63661,
    "mrr_at_3": 0.61351,
    "mrr_at_5": 0.62323,
    "ndcg_at_1": 0.55451,
    "ndcg_at_10": 0.66722,
    "ndcg_at_100": 0.69789,
    "ndcg_at_1000": 0.70281,
    "ndcg_at_3": 0.63215,
    "ndcg_at_5": 0.64961,
    "precision_at_1": 0.55451,
    "precision_at_10": 0.07824,
    "precision_at_100": 0.00931,
    "precision_at_1000": 0.00097,
    "precision_at_3": 0.22863,
    "precision_at_5": 0.14563,
    "recall_at_1": 0.55451,
    "recall_at_10": 0.78242,
    "recall_at_100": 0.93142,
    "recall_at_1000": 0.96647,
    "recall_at_3": 0.6859,
    "recall_at_5": 0.72814
  }
}