{
  "dataset_revision": null,
  "mteb_dataset_name": "NarrativeQARetrieval",
  "mteb_version": "1.1.1",
  "test": {
    "evaluation_time": 1316.15,
    "map_at_1": 0.50194,
    "map_at_10": 0.5732,
    "map_at_100": 0.57993,
    "map_at_1000": 0.58034,
    "map_at_3": 0.55639,
    "map_at_5": 0.56597,
    "mrr_at_1": 0.50194,
    "mrr_at_10": 0.5732,
    "mrr_at_100": 0.57993,
    "mrr_at_1000": 0.58034,
    "mrr_at_3": 0.55639,
    "mrr_at_5": 0.56597,
    "ndcg_at_1": 0.50194,
    "ndcg_at_10": 0.60843,
    "ndcg_at_100": 0.64502,
    "ndcg_at_1000": 0.65318,
    "ndcg_at_3": 0.57373,
    "ndcg_at_5": 0.59096,
    "precision_at_1": 0.50194,
    "precision_at_10": 0.07194,
    "precision_at_100": 0.009,
    "precision_at_1000": 0.00096,
    "precision_at_3": 0.20792,
    "precision_at_5": 0.13311,
    "recall_at_1": 0.50194,
    "recall_at_10": 0.71943,
    "recall_at_100": 0.89978,
    "recall_at_1000": 0.95851,
    "recall_at_3": 0.62376,
    "recall_at_5": 0.66553
  }
}