{
  "dataset_revision": null,
  "mteb_dataset_name": "NarrativeQARetrieval",
  "mteb_version": "1.1.1",
  "test": {
    "evaluation_time": 865.66,
    "map_at_1": 0.60652,
    "map_at_10": 0.67986,
    "map_at_100": 0.68463,
    "map_at_1000": 0.68486,
    "map_at_3": 0.66381,
    "map_at_5": 0.67334,
    "mrr_at_1": 0.60652,
    "mrr_at_10": 0.67986,
    "mrr_at_100": 0.68464,
    "mrr_at_1000": 0.68486,
    "mrr_at_3": 0.66381,
    "mrr_at_5": 0.67336,
    "ndcg_at_1": 0.60652,
    "ndcg_at_10": 0.71453,
    "ndcg_at_100": 0.73938,
    "ndcg_at_1000": 0.74387,
    "ndcg_at_3": 0.68173,
    "ndcg_at_5": 0.69884,
    "precision_at_1": 0.60652,
    "precision_at_10": 0.08231,
    "precision_at_100": 0.00943,
    "precision_at_1000": 0.00098,
    "precision_at_3": 0.24445,
    "precision_at_5": 0.15495,
    "recall_at_1": 0.60652,
    "recall_at_10": 0.82306,
    "recall_at_100": 0.94298,
    "recall_at_1000": 0.97537,
    "recall_at_3": 0.73335,
    "recall_at_5": 0.77475
  }
}