{
  "dataset_revision": null,
  "mteb_dataset_name": "NarrativeQARetrieval",
  "mteb_version": "1.1.1",
  "test": {
    "evaluation_time": 90.83,
    "map_at_1": 0.31069,
    "map_at_10": 0.3789,
    "map_at_100": 0.38883,
    "map_at_1000": 0.38978,
    "map_at_3": 0.35777,
    "map_at_5": 0.36963,
    "mrr_at_1": 0.31069,
    "mrr_at_10": 0.3789,
    "mrr_at_100": 0.38883,
    "mrr_at_1000": 0.38978,
    "mrr_at_3": 0.35777,
    "mrr_at_5": 0.36963,
    "ndcg_at_1": 0.31069,
    "ndcg_at_10": 0.41717,
    "ndcg_at_100": 0.47271,
    "ndcg_at_1000": 0.49408,
    "ndcg_at_3": 0.3733,
    "ndcg_at_5": 0.39468,
    "precision_at_1": 0.31069,
    "precision_at_10": 0.05398,
    "precision_at_100": 0.00817,
    "precision_at_1000": 0.00098,
    "precision_at_3": 0.13943,
    "precision_at_5": 0.09404,
    "recall_at_1": 0.31069,
    "recall_at_10": 0.53983,
    "recall_at_100": 0.81652,
    "recall_at_1000": 0.97556,
    "recall_at_3": 0.4183,
    "recall_at_5": 0.47021
  }
}