{
  "dataset_revision": null,
  "mteb_dataset_name": "NarrativeQARetrieval",
  "mteb_version": "1.1.1",
  "test": {
    "evaluation_time": 3903.84,
    "map_at_1": 0.56796,
    "map_at_10": 0.64371,
    "map_at_100": 0.64934,
    "map_at_1000": 0.64961,
    "map_at_3": 0.62663,
    "map_at_5": 0.63655,
    "mrr_at_1": 0.56796,
    "mrr_at_10": 0.64371,
    "mrr_at_100": 0.64934,
    "mrr_at_1000": 0.64961,
    "mrr_at_3": 0.62663,
    "mrr_at_5": 0.63655,
    "ndcg_at_1": 0.56796,
    "ndcg_at_10": 0.6802,
    "ndcg_at_100": 0.70937,
    "ndcg_at_1000": 0.71479,
    "ndcg_at_3": 0.64525,
    "ndcg_at_5": 0.663,
    "precision_at_1": 0.56796,
    "precision_at_10": 0.07946,
    "precision_at_100": 0.00935,
    "precision_at_1000": 0.00097,
    "precision_at_3": 0.23299,
    "precision_at_5": 0.14836,
    "recall_at_1": 0.56796,
    "recall_at_10": 0.79464,
    "recall_at_100": 0.93549,
    "recall_at_1000": 0.97442,
    "recall_at_3": 0.69897,
    "recall_at_5": 0.74178
  }
}