{
  "dataset_revision": null,
  "mteb_dataset_name": "NarrativeQARetrieval",
  "mteb_version": "1.1.1",
  "test": {
    "evaluation_time": 237.0,
    "map_at_1": 0.49332,
    "map_at_10": 0.57237,
    "map_at_100": 0.57928,
    "map_at_1000": 0.57965,
    "map_at_3": 0.55355,
    "map_at_5": 0.56437,
    "mrr_at_1": 0.49332,
    "mrr_at_10": 0.57237,
    "mrr_at_100": 0.57928,
    "mrr_at_1000": 0.57965,
    "mrr_at_3": 0.55355,
    "mrr_at_5": 0.56437,
    "ndcg_at_1": 0.49332,
    "ndcg_at_10": 0.61208,
    "ndcg_at_100": 0.64787,
    "ndcg_at_1000": 0.65512,
    "ndcg_at_3": 0.57319,
    "ndcg_at_5": 0.59271,
    "precision_at_1": 0.49332,
    "precision_at_10": 0.07373,
    "precision_at_100": 0.0091,
    "precision_at_1000": 0.00096,
    "precision_at_3": 0.21,
    "precision_at_5": 0.13549,
    "recall_at_1": 0.49332,
    "recall_at_10": 0.73733,
    "recall_at_100": 0.90982,
    "recall_at_1000": 0.96192,
    "recall_at_3": 0.63001,
    "recall_at_5": 0.67747
  }
}