{
  "dataset_revision": null,
  "mteb_dataset_name": "NarrativeQARetrieval",
  "mteb_version": "1.1.1",
  "test": {
    "evaluation_time": 100.65,
    "map_at_1": 0.37785,
    "map_at_10": 0.45117,
    "map_at_100": 0.4604,
    "map_at_1000": 0.46111,
    "map_at_3": 0.43079,
    "map_at_5": 0.44215,
    "mrr_at_1": 0.37785,
    "mrr_at_10": 0.45117,
    "mrr_at_100": 0.4604,
    "mrr_at_1000": 0.46111,
    "mrr_at_3": 0.43079,
    "mrr_at_5": 0.44215,
    "ndcg_at_1": 0.37785,
    "ndcg_at_10": 0.49016,
    "ndcg_at_100": 0.54006,
    "ndcg_at_1000": 0.55515,
    "ndcg_at_3": 0.44793,
    "ndcg_at_5": 0.46831,
    "precision_at_1": 0.37785,
    "precision_at_10": 0.06143,
    "precision_at_100": 0.0086,
    "precision_at_1000": 0.00097,
    "precision_at_3": 0.16583,
    "precision_at_5": 0.10935,
    "recall_at_1": 0.37785,
    "recall_at_10": 0.61428,
    "recall_at_100": 0.85962,
    "recall_at_1000": 0.97016,
    "recall_at_3": 0.49749,
    "recall_at_5": 0.54675
  }
}