{
  "dataset_revision": null,
  "mteb_dataset_name": "NarrativeQARetrieval",
  "mteb_version": "1.1.1",
  "test": {
    "evaluation_time": 1092.26,
    "map_at_1": 0.53036,
    "map_at_10": 0.60203,
    "map_at_100": 0.60823,
    "map_at_1000": 0.60858,
    "map_at_3": 0.58498,
    "map_at_5": 0.59532,
    "mrr_at_1": 0.53036,
    "mrr_at_10": 0.60203,
    "mrr_at_100": 0.60823,
    "mrr_at_1000": 0.60858,
    "mrr_at_3": 0.58498,
    "mrr_at_5": 0.59532,
    "ndcg_at_1": 0.53036,
    "ndcg_at_10": 0.63704,
    "ndcg_at_100": 0.67041,
    "ndcg_at_1000": 0.67718,
    "ndcg_at_3": 0.60223,
    "ndcg_at_5": 0.62082,
    "precision_at_1": 0.53036,
    "precision_at_10": 0.07471,
    "precision_at_100": 0.00911,
    "precision_at_1000": 0.00096,
    "precision_at_3": 0.21733,
    "precision_at_5": 0.1394,
    "recall_at_1": 0.53036,
    "recall_at_10": 0.74709,
    "recall_at_100": 0.91068,
    "recall_at_1000": 0.95898,
    "recall_at_3": 0.65198,
    "recall_at_5": 0.69698
  }
}