{
  "dataset_revision": null,
  "mteb_dataset_name": "NarrativeQARetrieval",
  "mteb_version": "1.1.1",
  "test": {
    "evaluation_time": 1910.2,
    "map_at_1": 0.44804,
    "map_at_10": 0.51904,
    "map_at_100": 0.52628,
    "map_at_1000": 0.52691,
    "map_at_3": 0.5009,
    "map_at_5": 0.51183,
    "mrr_at_1": 0.44804,
    "mrr_at_10": 0.51904,
    "mrr_at_100": 0.52628,
    "mrr_at_1000": 0.52691,
    "mrr_at_3": 0.5009,
    "mrr_at_5": 0.51183,
    "ndcg_at_1": 0.44804,
    "ndcg_at_10": 0.55478,
    "ndcg_at_100": 0.59506,
    "ndcg_at_1000": 0.60856,
    "ndcg_at_3": 0.51756,
    "ndcg_at_5": 0.53726,
    "precision_at_1": 0.44804,
    "precision_at_10": 0.06677,
    "precision_at_100": 0.00868,
    "precision_at_1000": 0.00097,
    "precision_at_3": 0.18853,
    "precision_at_5": 0.12269,
    "recall_at_1": 0.44804,
    "recall_at_10": 0.66771,
    "recall_at_100": 0.86805,
    "recall_at_1000": 0.96713,
    "recall_at_3": 0.5656,
    "recall_at_5": 0.61343
  }
}