{
  "dataset_revision": null,
  "mteb_dataset_name": "NarrativeQARetrieval",
  "mteb_version": "1.1.1",
  "test": {
    "evaluation_time": 2108.45,
    "map_at_1": 0.55773,
    "map_at_10": 0.63589,
    "map_at_100": 0.6415,
    "map_at_1000": 0.64177,
    "map_at_3": 0.6191,
    "map_at_5": 0.62869,
    "mrr_at_1": 0.55773,
    "mrr_at_10": 0.63589,
    "mrr_at_100": 0.6415,
    "mrr_at_1000": 0.64177,
    "mrr_at_3": 0.6191,
    "mrr_at_5": 0.62869,
    "ndcg_at_1": 0.55773,
    "ndcg_at_10": 0.67323,
    "ndcg_at_100": 0.70283,
    "ndcg_at_1000": 0.70806,
    "ndcg_at_3": 0.63849,
    "ndcg_at_5": 0.65581,
    "precision_at_1": 0.55773,
    "precision_at_10": 0.07904,
    "precision_at_100": 0.00934,
    "precision_at_1000": 0.00097,
    "precision_at_3": 0.23147,
    "precision_at_5": 0.14731,
    "recall_at_1": 0.55773,
    "recall_at_10": 0.79038,
    "recall_at_100": 0.93398,
    "recall_at_1000": 0.97139,
    "recall_at_3": 0.69442,
    "recall_at_5": 0.73657
  }
}