{
  "dataset_revision": null,
  "mteb_dataset_name": "NarrativeQARetrieval",
  "mteb_version": "1.1.1",
  "test": {
    "evaluation_time": 678.21,
    "map_at_1": 0.56901,
    "map_at_10": 0.64337,
    "map_at_100": 0.64907,
    "map_at_1000": 0.6493,
    "map_at_3": 0.62655,
    "map_at_5": 0.63639,
    "mrr_at_1": 0.56901,
    "mrr_at_10": 0.64336,
    "mrr_at_100": 0.64907,
    "mrr_at_1000": 0.64929,
    "mrr_at_3": 0.62652,
    "mrr_at_5": 0.63638,
    "ndcg_at_1": 0.56901,
    "ndcg_at_10": 0.67945,
    "ndcg_at_100": 0.70904,
    "ndcg_at_1000": 0.71335,
    "ndcg_at_3": 0.64491,
    "ndcg_at_5": 0.66263,
    "precision_at_1": 0.56901,
    "precision_at_10": 0.07927,
    "precision_at_100": 0.00935,
    "precision_at_1000": 0.00097,
    "precision_at_3": 0.23264,
    "precision_at_5": 0.14819,
    "recall_at_1": 0.56901,
    "recall_at_10": 0.79274,
    "recall_at_100": 0.9354,
    "recall_at_1000": 0.96609,
    "recall_at_3": 0.69793,
    "recall_at_5": 0.74093
  }
}